"SubID","Sess","CuePair","w"
"NODEAP_06","1","1",0.992039387706952
"NODEAP_06","1","2",0.948552860581306
"NODEAP_06","1","3",0.992553598593157
"NODEAP_06","1","4",0.984375345886135
"NODEAP_06","1","5",0.992263851187262
"NODEAP_06","1","6",0.991371024595668
"NODEAP_06","1","7",0.981578513614495
"NODEAP_06","1","8",0.925762010818807
"NODEAP_06","1","9",0.952926934778914
"NODEAP_06","1","10",0.99328919197789
"NODEAP_06","1","11",0.991454257942889
"NODEAP_06","1","12",0.961165671498767
"NODEAP_06","2","1",0.914788007696356
"NODEAP_06","2","2",0.992325234552785
"NODEAP_06","2","3",0.993010603801496
"NODEAP_06","2","4",0.995921885804557
"NODEAP_06","2","5",0.995061705245401
"NODEAP_06","2","6",0.995730059151486
"NODEAP_06","2","7",0.992478760022204
"NODEAP_06","2","8",0.986784390960084
"NODEAP_06","2","9",0.984651082242552
"NODEAP_06","2","10",0.996411823237464
"NODEAP_06","2","11",0.996140860899343
"NODEAP_06","2","12",0.996022655453608
"NODEAP_06","3","1",0.993588403822982
"NODEAP_06","3","2",0.997502292788728
"NODEAP_06","3","3",0.997568653620496
"NODEAP_06","3","4",0.995947372745224
"NODEAP_06","3","5",0.997843326736876
"NODEAP_06","3","6",0.998160481360687
"NODEAP_06","3","7",0.997724557187734
"NODEAP_06","3","8",0.998288197160692
"NODEAP_06","3","9",0.997503122690917
"NODEAP_06","3","10",0.987516177495935
"NODEAP_06","3","11",0.998439529505485
"NODEAP_06","3","12",0.976755243098292
"NODEAP_07","1","1",0.904736200793162
"NODEAP_07","1","2",0.976351422814496
"NODEAP_07","1","3",0.96345065613588
"NODEAP_07","1","4",0.961143095598119
"NODEAP_07","1","5",0.976415970217348
"NODEAP_07","1","6",0.961580337331708
"NODEAP_07","1","7",0.784482058158367
"NODEAP_07","1","8",0.732323863562008
"NODEAP_07","1","9",0.777595478419077
"NODEAP_07","1","10",0.652443357559873
"NODEAP_07","1","11",0.9190223925621
"NODEAP_07","1","12",0.69363745655163
"NODEAP_07","2","1",0.989446028718065
"NODEAP_07","2","2",0.983861300822083
"NODEAP_07","2","3",0.992778930435063
"NODEAP_07","2","4",0.993344972884428
"NODEAP_07","2","5",0.996944527520477
"NODEAP_07","2","6",0.993515028412579
"NODEAP_07","2","7",0.996479437501851
"NODEAP_07","2","8",0.997092482371699
"NODEAP_07","2","9",0.994530768057477
"NODEAP_07","2","10",0.980534463888589
"NODEAP_07","2","11",0.997073752044097
"NODEAP_07","2","12",0.99647420185529
"NODEAP_07","3","1",0.995990212591771
"NODEAP_07","3","2",0.992318439635323
"NODEAP_07","3","3",0.996284760513289
"NODEAP_07","3","4",0.996960166629024
"NODEAP_07","3","5",0.996624777075607
"NODEAP_07","3","6",0.996779336805328
"NODEAP_07","3","7",0.863893482309735
"NODEAP_07","3","8",0.976676523886584
"NODEAP_07","3","9",0.924703450769423
"NODEAP_07","3","10",0.99735327271917
"NODEAP_07","3","11",0.996025862765621
"NODEAP_07","3","12",0.996952431630399
"NODEAP_08","1","1",0.984970190715595
"NODEAP_08","1","2",0.99372595386623
"NODEAP_08","1","3",0.994396248152244
"NODEAP_08","1","4",0.994264488398792
"NODEAP_08","1","5",0.995129844994375
"NODEAP_08","1","6",0.979544919994872
"NODEAP_08","1","7",0.995641575126898
"NODEAP_08","1","8",0.866469398059764
"NODEAP_08","1","9",0.966902880408994
"NODEAP_08","1","10",0.994189988532704
"NODEAP_08","1","11",0.994286756091164
"NODEAP_08","1","12",0.945835170497072
"NODEAP_08","2","1",0.987385511613195
"NODEAP_08","2","2",0.987875708161564
"NODEAP_08","2","3",0.89023486749931
"NODEAP_08","2","4",0.933424729399231
"NODEAP_08","2","5",0.983803153694185
"NODEAP_08","2","6",0.99429104511628
"NODEAP_08","2","7",0.994463589241817
"NODEAP_08","2","8",0.994003193041598
"NODEAP_08","2","9",0.931585102003336
"NODEAP_08","2","10",0.992474922675266
"NODEAP_08","2","11",0.994685146737911
"NODEAP_08","2","12",0.972282593269886
"NODEAP_08","3","1",0.998519220252393
"NODEAP_08","3","2",0.998918206449504
"NODEAP_08","3","3",0.998707166819865
"NODEAP_08","3","4",0.998431939969981
"NODEAP_08","3","5",0.998578740154008
"NODEAP_08","3","6",0.998977908119677
"NODEAP_08","3","7",0.986144809076132
"NODEAP_08","3","8",0.970308128428388
"NODEAP_08","3","9",0.998918474571519
"NODEAP_08","3","10",0.998752589293132
"NODEAP_08","3","11",0.998524820681692
"NODEAP_08","3","12",0.99820280281656
"NODEAP_09","1","1",0.986557609259359
"NODEAP_09","1","2",0.93780096370867
"NODEAP_09","1","3",0.962096891272363
"NODEAP_09","1","4",0.978113572136776
"NODEAP_09","1","5",0.911708600853831
"NODEAP_09","1","6",0.985431588918525
"NODEAP_09","1","7",0.981026211167533
"NODEAP_09","1","8",0.980217350274742
"NODEAP_09","1","9",0.943136399298117
"NODEAP_09","1","10",0.960167765998461
"NODEAP_09","1","11",0.986082057428922
"NODEAP_09","1","12",0.933784244582729
"NODEAP_09","2","1",0.91149378816563
"NODEAP_09","2","2",0.979868360387896
"NODEAP_09","2","3",0.978209545783643
"NODEAP_09","2","4",0.95219834045073
"NODEAP_09","2","5",0.887237924719916
"NODEAP_09","2","6",0.970032528403685
"NODEAP_09","2","7",0.986333861540597
"NODEAP_09","2","8",0.987248535999378
"NODEAP_09","2","9",0.909216260068202
"NODEAP_09","2","10",0.96880801324884
"NODEAP_09","2","11",0.986070707196582
"NODEAP_09","2","12",0.984970037096368
"NODEAP_09","3","1",0.99331519261789
"NODEAP_09","3","2",0.984005842083224
"NODEAP_09","3","3",0.972428529677181
"NODEAP_09","3","4",0.984930450467786
"NODEAP_09","3","5",0.98688847603759
"NODEAP_09","3","6",0.954114675900036
"NODEAP_09","3","7",0.992416542845821
"NODEAP_09","3","8",0.988145675628076
"NODEAP_09","3","9",0.993162421274891
"NODEAP_09","3","10",0.926132994618853
"NODEAP_09","3","11",0.992916104351763
"NODEAP_09","3","12",0.989267321083521
"NODEAP_10","1","1",0.99172171787756
"NODEAP_10","1","2",0.995371549442854
"NODEAP_10","1","3",0.98395667773786
"NODEAP_10","1","4",0.995809881552894
"NODEAP_10","1","5",0.944085874800985
"NODEAP_10","1","6",0.995974560124888
"NODEAP_10","1","7",0.996196741453426
"NODEAP_10","1","8",0.996054726541993
"NODEAP_10","1","9",0.996113552845283
"NODEAP_10","1","10",0.991878305251212
"NODEAP_10","1","11",0.987138522390728
"NODEAP_10","1","12",0.992127790508424
"NODEAP_10","2","1",0.938801395195588
"NODEAP_10","2","2",0.997675413903076
"NODEAP_10","2","3",0.99692222104656
"NODEAP_10","2","4",0.987791741472777
"NODEAP_10","2","5",0.996839736283095
"NODEAP_10","2","6",0.996855913507548
"NODEAP_10","2","7",0.993653185079181
"NODEAP_10","2","8",0.996850976270612
"NODEAP_10","2","9",0.997233580351674
"NODEAP_10","2","10",0.986212646143547
"NODEAP_10","2","11",0.996728768016828
"NODEAP_10","2","12",0.997411898635041
"NODEAP_10","3","1",0.996567846527737
"NODEAP_10","3","2",0.998647386324032
"NODEAP_10","3","3",0.998629730117597
"NODEAP_10","3","4",0.998628968809225
"NODEAP_10","3","5",0.998570928887217
"NODEAP_10","3","6",0.992736709204108
"NODEAP_10","3","7",0.998052718560737
"NODEAP_10","3","8",0.998601787624912
"NODEAP_10","3","9",0.996306499210969
"NODEAP_10","3","10",0.998751455933437
"NODEAP_10","3","11",0.997592554922364
"NODEAP_10","3","12",0.997669793441006
"NODEAP_12","1","1",0.569238453790906
"NODEAP_12","1","2",0.830814673439097
"NODEAP_12","1","3",0.650080272064169
"NODEAP_12","1","4",0.871953811669169
"NODEAP_12","1","5",0.542267786877079
"NODEAP_12","1","6",0.566679572073814
"NODEAP_12","1","7",0.560220809197305
"NODEAP_12","1","8",0.554425697419388
"NODEAP_12","1","9",0.55243004240002
"NODEAP_12","1","10",0.566856486922943
"NODEAP_12","1","11",0.545826972871209
"NODEAP_12","1","12",0.553521777268091
"NODEAP_12","2","1",0.998319475864388
"NODEAP_12","2","2",0.995135824803911
"NODEAP_12","2","3",0.995779009216832
"NODEAP_12","2","4",0.995855545131986
"NODEAP_12","2","5",0.984588325970889
"NODEAP_12","2","6",0.998399465615666
"NODEAP_12","2","7",0.997834840550536
"NODEAP_12","2","8",0.99870144244984
"NODEAP_12","2","9",0.998483440181892
"NODEAP_12","2","10",0.997787162196828
"NODEAP_12","2","11",0.992877724501132
"NODEAP_12","2","12",0.995471152711392
"NODEAP_12","3","1",0.997420093594635
"NODEAP_12","3","2",0.995329419418962
"NODEAP_12","3","3",0.995952974677497
"NODEAP_12","3","4",0.997421083040036
"NODEAP_12","3","5",0.994674210560671
"NODEAP_12","3","6",0.997034603912731
"NODEAP_12","3","7",0.952724398795565
"NODEAP_12","3","8",0.99755544662682
"NODEAP_12","3","9",0.996407660838617
"NODEAP_12","3","10",0.994318273180308
"NODEAP_12","3","11",0.997569478735883
"NODEAP_12","3","12",0.998063964067924
"NODEAP_13","1","1",0.857286290059587
"NODEAP_13","1","2",0.901957642675036
"NODEAP_13","1","3",0.985570271049312
"NODEAP_13","1","4",0.866928035725492
"NODEAP_13","1","5",0.70634265039004
"NODEAP_13","1","6",0.895564469813185
"NODEAP_13","1","7",0.985773065519177
"NODEAP_13","1","8",0.984737371635838
"NODEAP_13","1","9",0.975502305888281
"NODEAP_13","1","10",0.965449271645957
"NODEAP_13","1","11",0.983078366320313
"NODEAP_13","1","12",0.985654370672282
"NODEAP_13","2","1",0.997468541295044
"NODEAP_13","2","2",0.998765975020801
"NODEAP_13","2","3",0.984308649452435
"NODEAP_13","2","4",0.992024045040084
"NODEAP_13","2","5",0.998316336043792
"NODEAP_13","2","6",0.998598339733336
"NODEAP_13","2","7",0.998841895562712
"NODEAP_13","2","8",0.998525328597073
"NODEAP_13","2","9",0.998243850090321
"NODEAP_13","2","10",0.998565019443864
"NODEAP_13","2","11",0.993927957853955
"NODEAP_13","2","12",0.998785055646879
"NODEAP_13","3","1",0.995178132384863
"NODEAP_13","3","2",0.995293798723347
"NODEAP_13","3","3",0.992218797505977
"NODEAP_13","3","4",0.991744846220282
"NODEAP_13","3","5",0.990761489956006
"NODEAP_13","3","6",0.99539453040577
"NODEAP_13","3","7",0.990929472927919
"NODEAP_13","3","8",0.994494488060502
"NODEAP_13","3","9",0.982549326026694
"NODEAP_13","3","10",0.981717032575921
"NODEAP_13","3","11",0.995867679814661
"NODEAP_13","3","12",0.917523282559881
"NODEAP_15","1","1",0.981751875450792
"NODEAP_15","1","2",0.98186720376921
"NODEAP_15","1","3",0.753773803961119
"NODEAP_15","1","4",0.568957578011639
"NODEAP_15","1","5",0.983446602560475
"NODEAP_15","1","6",0.838085852770914
"NODEAP_15","1","7",0.585280649270115
"NODEAP_15","1","8",0.944789662647567
"NODEAP_15","1","9",0.924877565464874
"NODEAP_15","1","10",0.679608336482889
"NODEAP_15","1","11",0.964827308479472
"NODEAP_15","1","12",0.687314062323786
"NODEAP_15","2","1",0.965542613072307
"NODEAP_15","2","2",0.994681786756507
"NODEAP_15","2","3",0.902047196110851
"NODEAP_15","2","4",0.944683629074947
"NODEAP_15","2","5",0.996711036802814
"NODEAP_15","2","6",0.996042384519694
"NODEAP_15","2","7",0.995377118907579
"NODEAP_15","2","8",0.995411366653764
"NODEAP_15","2","9",0.91610804448153
"NODEAP_15","2","10",0.965943043792659
"NODEAP_15","2","11",0.996722286187231
"NODEAP_15","2","12",0.997389523263723
"NODEAP_15","3","1",0.991654272255764
"NODEAP_15","3","2",0.955326783172212
"NODEAP_15","3","3",0.99847953330794
"NODEAP_15","3","4",0.997917607282991
"NODEAP_15","3","5",0.997888334308538
"NODEAP_15","3","6",0.997870547556964
"NODEAP_15","3","7",0.99851738741809
"NODEAP_15","3","8",0.998337076477228
"NODEAP_15","3","9",0.998225599540184
"NODEAP_15","3","10",0.997539841031743
"NODEAP_15","3","11",0.917784687344382
"NODEAP_15","3","12",0.998473846201543
"NODEAP_16","1","1",0.976370361652461
"NODEAP_16","1","2",0.85098766839086
"NODEAP_16","1","3",0.991752371998584
"NODEAP_16","1","4",0.991409331225048
"NODEAP_16","1","5",0.992274849725184
"NODEAP_16","1","6",0.984004421514645
"NODEAP_16","1","7",0.915384049937813
"NODEAP_16","1","8",0.963674917027223
"NODEAP_16","1","9",0.966313460273623
"NODEAP_16","1","10",0.99302246563306
"NODEAP_16","1","11",0.970627215713055
"NODEAP_16","1","12",0.952170661144547
"NODEAP_16","2","1",0.894576644041112
"NODEAP_16","2","2",0.973383672424275
"NODEAP_16","2","3",0.877870100317026
"NODEAP_16","2","4",0.991264968909155
"NODEAP_16","2","5",0.991387298858633
"NODEAP_16","2","6",0.976750281318353
"NODEAP_16","2","7",0.776331246650754
"NODEAP_16","2","8",0.991209105295775
"NODEAP_16","2","9",0.910552764874812
"NODEAP_16","2","10",0.981663784874839
"NODEAP_16","2","11",0.975261877305332
"NODEAP_16","2","12",0.983372190620219
"NODEAP_16","3","1",0.990883264616581
"NODEAP_16","3","2",0.981297130394159
"NODEAP_16","3","3",0.990568720587985
"NODEAP_16","3","4",0.989569493418951
"NODEAP_16","3","5",0.764342322587601
"NODEAP_16","3","6",0.717944476148318
"NODEAP_16","3","7",0.982275849018176
"NODEAP_16","3","8",0.991399916390717
"NODEAP_16","3","9",0.991534500229172
"NODEAP_16","3","10",0.962531523008503
"NODEAP_16","3","11",0.991890066036008
"NODEAP_16","3","12",0.728233639121908
"NODEAP_24","1","1",0.719810430648
"NODEAP_24","1","2",0.567204409859281
"NODEAP_24","1","3",0.550351868685016
"NODEAP_24","1","4",0.590467098376413
"NODEAP_24","1","5",0.53993650663296
"NODEAP_24","1","6",0.569840094063911
"NODEAP_24","1","7",0.554168760510083
"NODEAP_24","1","8",0.562571720482403
"NODEAP_24","1","9",0.563624297771915
"NODEAP_24","1","10",0.54874653713576
"NODEAP_24","1","11",0.545668188545237
"NODEAP_24","1","12",0.538889560722028
"NODEAP_24","2","1",0.696196985467022
"NODEAP_24","2","2",0.755575843144976
"NODEAP_24","2","3",0.636643584021142
"NODEAP_24","2","4",0.583189752285081
"NODEAP_24","2","5",0.571509007003313
"NODEAP_24","2","6",0.632948443249288
"NODEAP_24","2","7",0.634674767747142
"NODEAP_24","2","8",0.752039612786511
"NODEAP_24","2","9",0.584024713912525
"NODEAP_24","2","10",0.573311957501705
"NODEAP_24","2","11",0.642346817309622
"NODEAP_24","2","12",0.607100709162296
"NODEAP_24","3","1",0.5675611108896
"NODEAP_24","3","2",0.577286321134409
"NODEAP_24","3","3",0.581749377260201
"NODEAP_24","3","4",0.544677427855836
"NODEAP_24","3","5",0.554539730839509
"NODEAP_24","3","6",0.551198442152321
"NODEAP_24","3","7",0.569845106169614
"NODEAP_24","3","8",0.702756414457808
"NODEAP_24","3","9",0.671379721265141
"NODEAP_24","3","10",0.543586937891176
"NODEAP_24","3","11",0.545896356482336
"NODEAP_24","3","12",0.631370939130693
"NODEAP_26","1","1",0.981356038940143
"NODEAP_26","1","2",0.981031326151365
"NODEAP_26","1","3",0.96624303510863
"NODEAP_26","1","4",0.985778931887511
"NODEAP_26","1","5",0.965935739644467
"NODEAP_26","1","6",0.978785769557945
"NODEAP_26","1","7",0.985807021024711
"NODEAP_26","1","8",0.956850822422816
"NODEAP_26","1","9",0.931862224270162
"NODEAP_26","1","10",0.931142613784315
"NODEAP_26","1","11",0.961936393184343
"NODEAP_26","1","12",0.985942099439238
"NODEAP_26","2","1",0.999666109528328
"NODEAP_26","2","2",0.999930883747543
"NODEAP_26","2","3",0.999866927093606
"NODEAP_26","2","4",0.999782917054034
"NODEAP_26","2","5",0.999867121295813
"NODEAP_26","2","6",0.999849136892964
"NODEAP_26","2","7",0.999899485512126
"NODEAP_26","2","8",0.999842202664103
"NODEAP_26","2","9",0.999576439807122
"NODEAP_26","2","10",0.99990302565546
"NODEAP_26","2","11",0.999863599824528
"NODEAP_26","2","12",0.999882741469393
"NODEAP_26","3","1",0.990030439005949
"NODEAP_26","3","2",0.990049122425334
"NODEAP_26","3","3",0.98929616908644
"NODEAP_26","3","4",0.986638764009158
"NODEAP_26","3","5",0.979473387973873
"NODEAP_26","3","6",0.987073724998463
"NODEAP_26","3","7",0.992391105014185
"NODEAP_26","3","8",0.993269260306064
"NODEAP_26","3","9",0.992837815288705
"NODEAP_26","3","10",0.993636621186599
"NODEAP_26","3","11",0.969833602250389
"NODEAP_26","3","12",0.916481236287306
"NODEAP_30","1","1",0.996313312008501
"NODEAP_30","1","2",0.988397664606508
"NODEAP_30","1","3",0.971841188289919
"NODEAP_30","1","4",0.995647157023217
"NODEAP_30","1","5",0.993399184217711
"NODEAP_30","1","6",0.996361680387593
"NODEAP_30","1","7",0.997227825308445
"NODEAP_30","1","8",0.995811863199132
"NODEAP_30","1","9",0.970342896373054
"NODEAP_30","1","10",0.996543925082255
"NODEAP_30","1","11",0.996921529383915
"NODEAP_30","1","12",0.996643813462149
"NODEAP_30","2","1",0.988348978753478
"NODEAP_30","2","2",0.954674034407937
"NODEAP_30","2","3",0.988532975311103
"NODEAP_30","2","4",0.980992034131638
"NODEAP_30","2","5",0.98077174690095
"NODEAP_30","2","6",0.98861277027674
"NODEAP_30","2","7",0.989497922283452
"NODEAP_30","2","8",0.985359671889854
"NODEAP_30","2","9",0.988078659318258
"NODEAP_30","2","10",0.97862925405561
"NODEAP_30","2","11",0.983366534860611
"NODEAP_30","2","12",0.982435181564206
"NODEAP_30","3","1",0.979650788807686
"NODEAP_30","3","2",0.922522871449642
"NODEAP_30","3","3",0.805953801692365
"NODEAP_30","3","4",0.897955708870195
"NODEAP_30","3","5",0.826281581067588
"NODEAP_30","3","6",0.98748009369508
"NODEAP_30","3","7",0.983388282340747
"NODEAP_30","3","8",0.986084879750925
"NODEAP_30","3","9",0.983431392410581
"NODEAP_30","3","10",0.985972737198899
"NODEAP_30","3","11",0.967180765704923
"NODEAP_30","3","12",0.983630710487703
"NODEAP_34","1","1",0.914922422518373
"NODEAP_34","1","2",0.880141617013314
"NODEAP_34","1","3",0.896908756632432
"NODEAP_34","1","4",0.80352217857407
"NODEAP_34","1","5",0.831195571045161
"NODEAP_34","1","6",0.901401636453249
"NODEAP_34","1","7",0.91268746137936
"NODEAP_34","1","8",0.874510155064444
"NODEAP_34","1","9",0.885021353856936
"NODEAP_34","1","10",0.865775659581872
"NODEAP_34","1","11",0.946534613278621
"NODEAP_34","1","12",0.754915833421826
"NODEAP_34","2","1",0.992693007482721
"NODEAP_34","2","2",0.994266209600454
"NODEAP_34","2","3",0.984324226594713
"NODEAP_34","2","4",0.986089456733026
"NODEAP_34","2","5",0.963097148503444
"NODEAP_34","2","6",0.985765464055604
"NODEAP_34","2","7",0.993450154665496
"NODEAP_34","2","8",0.994182896709027
"NODEAP_34","2","9",0.993398578420496
"NODEAP_34","2","10",0.994277310774604
"NODEAP_34","2","11",0.992976157731049
"NODEAP_34","2","12",0.975328735938616
"NODEAP_34","3","1",0.965170376727162
"NODEAP_34","3","2",0.98976076665733
"NODEAP_34","3","3",0.986325580002418
"NODEAP_34","3","4",0.989741302594826
"NODEAP_34","3","5",0.985957943140651
"NODEAP_34","3","6",0.964100309904726
"NODEAP_34","3","7",0.962252597461271
"NODEAP_34","3","8",0.989477715163078
"NODEAP_34","3","9",0.984947668231189
"NODEAP_34","3","10",0.986566863145451
"NODEAP_34","3","11",0.958495828778978
"NODEAP_34","3","12",0.974822219223836
"NODEAP_35","1","1",0.936393417574447
"NODEAP_35","1","2",0.923206464773489
"NODEAP_35","1","3",0.882487542187683
"NODEAP_35","1","4",0.935556937960993
"NODEAP_35","1","5",0.94494974724692
"NODEAP_35","1","6",0.936451848679971
"NODEAP_35","1","7",0.925860477230911
"NODEAP_35","1","8",0.943026467643053
"NODEAP_35","1","9",0.95736282762712
"NODEAP_35","1","10",0.957519167413797
"NODEAP_35","1","11",0.846128253750094
"NODEAP_35","1","12",0.95667609648978
"NODEAP_35","2","1",0.993058032674613
"NODEAP_35","2","2",0.997182662454335
"NODEAP_35","2","3",0.993756089061939
"NODEAP_35","2","4",0.997372292819154
"NODEAP_35","2","5",0.996272473108206
"NODEAP_35","2","6",0.994158638802175
"NODEAP_35","2","7",0.995746806326233
"NODEAP_35","2","8",0.996874104639946
"NODEAP_35","2","9",0.99738483913404
"NODEAP_35","2","10",0.995516801108223
"NODEAP_35","2","11",0.99758208078697
"NODEAP_35","2","12",0.996513165137843
"NODEAP_35","3","1",0.994045439147431
"NODEAP_35","3","2",0.992547736946557
"NODEAP_35","3","3",0.996245735615553
"NODEAP_35","3","4",0.992760703428255
"NODEAP_35","3","5",0.994919722999524
"NODEAP_35","3","6",0.996038732675814
"NODEAP_35","3","7",0.994698083808709
"NODEAP_35","3","8",0.994467562365402
"NODEAP_35","3","9",0.991621749863109
"NODEAP_35","3","10",0.991593913822994
"NODEAP_35","3","11",0.989284414742074
"NODEAP_35","3","12",0.995905699306226
"NODEAP_36","1","1",0.932569952270267
"NODEAP_36","1","2",0.852354418725467
"NODEAP_36","1","3",0.99474206586884
"NODEAP_36","1","4",0.995274443863587
"NODEAP_36","1","5",0.994028789593631
"NODEAP_36","1","6",0.817845439077281
"NODEAP_36","1","7",0.994769813816552
"NODEAP_36","1","8",0.587702180202592
"NODEAP_36","1","9",0.994533804860533
"NODEAP_36","1","10",0.994372596943659
"NODEAP_36","1","11",0.99421570716044
"NODEAP_36","1","12",0.574361617359158
"NODEAP_36","2","1",0.985659996432386
"NODEAP_36","2","2",0.791294837847622
"NODEAP_36","2","3",0.566837536933457
"NODEAP_36","2","4",0.984942316891806
"NODEAP_36","2","5",0.982777925973105
"NODEAP_36","2","6",0.982250283262446
"NODEAP_36","2","7",0.993975116863816
"NODEAP_36","2","8",0.995104850839055
"NODEAP_36","2","9",0.985232068078107
"NODEAP_36","2","10",0.982585458586449
"NODEAP_36","2","11",0.994956401853361
"NODEAP_36","2","12",0.99499691427533
"NODEAP_36","3","1",0.996463964868459
"NODEAP_36","3","2",0.995787512328219
"NODEAP_36","3","3",0.880357821123457
"NODEAP_36","3","4",0.894238652729304
"NODEAP_36","3","5",0.995642866675921
"NODEAP_36","3","6",0.994396493599181
"NODEAP_36","3","7",0.956572736142123
"NODEAP_36","3","8",0.731784271555133
"NODEAP_36","3","9",0.996128416842991
"NODEAP_36","3","10",0.817631802739653
"NODEAP_36","3","11",0.939979953682797
"NODEAP_36","3","12",0.995230449197894
"NODEAP_39","1","1",0.922156150406791
"NODEAP_39","1","2",0.983564170082786
"NODEAP_39","1","3",0.965514369348066
"NODEAP_39","1","4",0.894088507929312
"NODEAP_39","1","5",0.982387649391628
"NODEAP_39","1","6",0.88423617237557
"NODEAP_39","1","7",0.918402759854647
"NODEAP_39","1","8",0.983863436421133
"NODEAP_39","1","9",0.980879214036128
"NODEAP_39","1","10",0.98172248411767
"NODEAP_39","1","11",0.974695514283846
"NODEAP_39","1","12",0.982117565728641
"NODEAP_39","2","1",0.972997892281287
"NODEAP_39","2","2",0.987020162770011
"NODEAP_39","2","3",0.976804549577055
"NODEAP_39","2","4",0.989323205325335
"NODEAP_39","2","5",0.993075437019552
"NODEAP_39","2","6",0.984594253984723
"NODEAP_39","2","7",0.981626864275244
"NODEAP_39","2","8",0.988696742622511
"NODEAP_39","2","9",0.988915500869216
"NODEAP_39","2","10",0.98925729391877
"NODEAP_39","2","11",0.992559369175667
"NODEAP_39","2","12",0.981294313262391
"NODEAP_39","3","1",0.999065433488269
"NODEAP_39","3","2",0.999684345391976
"NODEAP_39","3","3",0.999725926749376
"NODEAP_39","3","4",0.999745828527119
"NODEAP_39","3","5",0.999715753169647
"NODEAP_39","3","6",0.999547852230045
"NODEAP_39","3","7",0.999621015811919
"NODEAP_39","3","8",0.998833035166051
"NODEAP_39","3","9",0.99960471769501
"NODEAP_39","3","10",0.999763346607159
"NODEAP_39","3","11",0.999659336231221
"NODEAP_39","3","12",0.999713352238906
"NODEAP_41","1","1",0.992167522961276
"NODEAP_41","1","2",0.999355819117154
"NODEAP_41","1","3",0.999118863525452
"NODEAP_41","1","4",0.999378846558507
"NODEAP_41","1","5",0.998997235600716
"NODEAP_41","1","6",0.999009539691127
"NODEAP_41","1","7",0.999175970676109
"NODEAP_41","1","8",0.999425266158885
"NODEAP_41","1","9",0.999481599815222
"NODEAP_41","1","10",0.999440591379157
"NODEAP_41","1","11",0.999271875638986
"NODEAP_41","1","12",0.999308846330121
"NODEAP_41","2","1",0.975892769996547
"NODEAP_41","2","2",0.977785979110538
"NODEAP_41","2","3",0.997817456392145
"NODEAP_41","2","4",0.997957624467469
"NODEAP_41","2","5",0.992837119337268
"NODEAP_41","2","6",0.987650646100962
"NODEAP_41","2","7",0.996354017357971
"NODEAP_41","2","8",0.993184758796623
"NODEAP_41","2","9",0.997620054286015
"NODEAP_41","2","10",0.998157339685303
"NODEAP_41","2","11",0.992927056481471
"NODEAP_41","2","12",0.997758879711803
"NODEAP_41","3","1",0.551306058665021
"NODEAP_41","3","2",0.550183276890664
"NODEAP_41","3","3",0.933806242829331
"NODEAP_41","3","4",0.551536554714493
"NODEAP_41","3","5",0.958994592621002
"NODEAP_41","3","6",0.910008927651796
"NODEAP_41","3","7",0.549814392398104
"NODEAP_41","3","8",0.551093980823421
"NODEAP_41","3","9",0.551427451524929
"NODEAP_41","3","10",0.93242454103665
"NODEAP_41","3","11",0.550084431064207
"NODEAP_41","3","12",0.929240415317356
"NODEAP_43","1","1",0.998206047339307
"NODEAP_43","1","2",0.997284211627736
"NODEAP_43","1","3",0.99821564003519
"NODEAP_43","1","4",0.987862419921689
"NODEAP_43","1","5",0.997998451211421
"NODEAP_43","1","6",0.998075168595046
"NODEAP_43","1","7",0.998541487283711
"NODEAP_43","1","8",0.995282284132227
"NODEAP_43","1","9",0.995977684063597
"NODEAP_43","1","10",0.995117610429489
"NODEAP_43","1","11",0.998143124205872
"NODEAP_43","1","12",0.995198152108448
"NODEAP_43","2","1",0.874978605608898
"NODEAP_43","2","2",0.998461635911615
"NODEAP_43","2","3",0.998805804885098
"NODEAP_43","2","4",0.998478240269994
"NODEAP_43","2","5",0.995755516504401
"NODEAP_43","2","6",0.998350236635557
"NODEAP_43","2","7",0.998361783695336
"NODEAP_43","2","8",0.99823402594233
"NODEAP_43","2","9",0.998317613944732
"NODEAP_43","2","10",0.998112241326413
"NODEAP_43","2","11",0.998693146132467
"NODEAP_43","2","12",0.998393279313423
"NODEAP_43","3","1",0.99206053946412
"NODEAP_43","3","2",0.985998155495623
"NODEAP_43","3","3",0.994846134065902
"NODEAP_43","3","4",0.971199343950504
"NODEAP_43","3","5",0.989439239157042
"NODEAP_43","3","6",0.977999752697942
"NODEAP_43","3","7",0.995104195352843
"NODEAP_43","3","8",0.946050293237183
"NODEAP_43","3","9",0.99372503783172
"NODEAP_43","3","10",0.97854844300466
"NODEAP_43","3","11",0.99564156654983
"NODEAP_43","3","12",0.995989263613805
"NODEAP_44","1","1",0.983983699586544
"NODEAP_44","1","2",0.994758650714963
"NODEAP_44","1","3",0.982562802054588
"NODEAP_44","1","4",0.956813825909124
"NODEAP_44","1","5",0.9906697896091
"NODEAP_44","1","6",0.994315370788206
"NODEAP_44","1","7",0.994302189018992
"NODEAP_44","1","8",0.981503343385597
"NODEAP_44","1","9",0.978377881512697
"NODEAP_44","1","10",0.977353884633646
"NODEAP_44","1","11",0.99454833129443
"NODEAP_44","1","12",0.990791089732148
"NODEAP_44","2","1",0.999104485473643
"NODEAP_44","2","2",0.959971006671003
"NODEAP_44","2","3",0.999193034071447
"NODEAP_44","2","4",0.998722084663315
"NODEAP_44","2","5",0.998929146613203
"NODEAP_44","2","6",0.999102309351659
"NODEAP_44","2","7",0.999498615105786
"NODEAP_44","2","8",0.999288490086406
"NODEAP_44","2","9",0.999382403022641
"NODEAP_44","2","10",0.999254961188201
"NODEAP_44","2","11",0.99916787084135
"NODEAP_44","2","12",0.99867644071328
"NODEAP_44","3","1",0.999310762107031
"NODEAP_44","3","2",0.9993244063223
"NODEAP_44","3","3",0.999075539718951
"NODEAP_44","3","4",0.999324157618968
"NODEAP_44","3","5",0.98587765191885
"NODEAP_44","3","6",0.999224350787975
"NODEAP_44","3","7",0.998746979430736
"NODEAP_44","3","8",0.998376163424923
"NODEAP_44","3","9",0.999332696083177
"NODEAP_44","3","10",0.999233901198148
"NODEAP_44","3","11",0.999255626485491
"NODEAP_44","3","12",0.999174214232987
"NODEAP_45","1","1",0.746524070653687
"NODEAP_45","1","2",0.926146962888782
"NODEAP_45","1","3",0.96865150252611
"NODEAP_45","1","4",0.804389573842972
"NODEAP_45","1","5",0.803587517292201
"NODEAP_45","1","6",0.763911913300598
"NODEAP_45","1","7",0.568507411544489
"NODEAP_45","1","8",0.606355785729543
"NODEAP_45","1","9",0.627663018303006
"NODEAP_45","1","10",0.561243661911024
"NODEAP_45","1","11",0.555559930585225
"NODEAP_45","1","12",0.64758448439016
"NODEAP_45","2","1",0.979612539028205
"NODEAP_45","2","2",0.976010924526775
"NODEAP_45","2","3",0.760822898283142
"NODEAP_45","2","4",0.94488332573867
"NODEAP_45","2","5",0.913633666321782
"NODEAP_45","2","6",0.883509336190433
"NODEAP_45","2","7",0.839988005036211
"NODEAP_45","2","8",0.567411922231777
"NODEAP_45","2","9",0.611603472335762
"NODEAP_45","2","10",0.562940890618629
"NODEAP_45","2","11",0.567792810853329
"NODEAP_45","2","12",0.781050266940904
"NODEAP_45","3","1",0.961674704638095
"NODEAP_45","3","2",0.710400347467173
"NODEAP_45","3","3",0.950999212302463
"NODEAP_45","3","4",0.952774612254468
"NODEAP_45","3","5",0.984508162472261
"NODEAP_45","3","6",0.968152920302339
"NODEAP_45","3","7",0.591563776404335
"NODEAP_45","3","8",0.639774582949067
"NODEAP_45","3","9",0.732036317363333
"NODEAP_45","3","10",0.867389427230384
"NODEAP_45","3","11",0.807854660553263
"NODEAP_45","3","12",0.875153496410498
"NODEAP_46","1","1",0.979385569871549
"NODEAP_46","1","2",0.979118972052738
"NODEAP_46","1","3",0.984486269505347
"NODEAP_46","1","4",0.955602165031407
"NODEAP_46","1","5",0.900624062325813
"NODEAP_46","1","6",0.9793087957728
"NODEAP_46","1","7",0.974110091398012
"NODEAP_46","1","8",0.975099154211567
"NODEAP_46","1","9",0.968741111862207
"NODEAP_46","1","10",0.899820611233861
"NODEAP_46","1","11",0.974662369417098
"NODEAP_46","1","12",0.980952398699409
"NODEAP_46","2","1",0.983987483603439
"NODEAP_46","2","2",0.991301320886279
"NODEAP_46","2","3",0.987010137493001
"NODEAP_46","2","4",0.982709249582671
"NODEAP_46","2","5",0.985802181737413
"NODEAP_46","2","6",0.989783101893913
"NODEAP_46","2","7",0.906316243989222
"NODEAP_46","2","8",0.985412532906055
"NODEAP_46","2","9",0.958239179734787
"NODEAP_46","2","10",0.959896518866636
"NODEAP_46","2","11",0.990279325539676
"NODEAP_46","2","12",0.98087209016633
"NODEAP_46","3","1",0.999564648597111
"NODEAP_46","3","2",0.999510312733322
"NODEAP_46","3","3",0.999113256806182
"NODEAP_46","3","4",0.997704905607625
"NODEAP_46","3","5",0.99967376691085
"NODEAP_46","3","6",0.999645454998278
"NODEAP_46","3","7",0.999552058293485
"NODEAP_46","3","8",0.999653087925096
"NODEAP_46","3","9",0.999440167463216
"NODEAP_46","3","10",0.999583514883113
"NODEAP_46","3","11",0.999670639754476
"NODEAP_46","3","12",0.999687642335714
"NODEAP_48","1","1",0.59204397141794
"NODEAP_48","1","2",0.575589894816988
"NODEAP_48","1","3",0.862260569680191
"NODEAP_48","1","4",0.557662781343205
"NODEAP_48","1","5",0.621927574972469
"NODEAP_48","1","6",0.570843578304448
"NODEAP_48","1","7",0.578282528785003
"NODEAP_48","1","8",0.576964943808165
"NODEAP_48","1","9",0.647873996577046
"NODEAP_48","1","10",0.722769519628385
"NODEAP_48","1","11",0.569971704456018
"NODEAP_48","1","12",0.59620948241663
"NODEAP_48","2","1",0.649903852451121
"NODEAP_48","2","2",0.685901941592419
"NODEAP_48","2","3",0.920492802719973
"NODEAP_48","2","4",0.72008258820467
"NODEAP_48","2","5",0.677738973951188
"NODEAP_48","2","6",0.636192419286019
"NODEAP_48","2","7",0.624199173298841
"NODEAP_48","2","8",0.825411957742885
"NODEAP_48","2","9",0.93659591913859
"NODEAP_48","2","10",0.846266907932733
"NODEAP_48","2","11",0.796388339520855
"NODEAP_48","2","12",0.823722182354513
"NODEAP_48","3","1",0.99311258746324
"NODEAP_48","3","2",0.996677204583883
"NODEAP_48","3","3",0.995453861814341
"NODEAP_48","3","4",0.995795600255509
"NODEAP_48","3","5",0.963112223391466
"NODEAP_48","3","6",0.992411613712017
"NODEAP_48","3","7",0.983892314328192
"NODEAP_48","3","8",0.996586040022289
"NODEAP_48","3","9",0.985002760976764
"NODEAP_48","3","10",0.996483592507474
"NODEAP_48","3","11",0.978936567082853
"NODEAP_48","3","12",0.996365974412685
"NODEAP_51","1","1",0.984201476375735
"NODEAP_51","1","2",0.986499395088983
"NODEAP_51","1","3",0.993897229027367
"NODEAP_51","1","4",0.970943609564844
"NODEAP_51","1","5",0.991136275636985
"NODEAP_51","1","6",0.991242917647311
"NODEAP_51","1","7",0.990711288528921
"NODEAP_51","1","8",0.787256906745456
"NODEAP_51","1","9",0.992196060718615
"NODEAP_51","1","10",0.97259680238289
"NODEAP_51","1","11",0.684808049901498
"NODEAP_51","1","12",0.991426115872009
"NODEAP_51","2","1",0.999480158768303
"NODEAP_51","2","2",0.999281898297023
"NODEAP_51","2","3",0.982556948110914
"NODEAP_51","2","4",0.999190569805774
"NODEAP_51","2","5",0.99920930847436
"NODEAP_51","2","6",0.999359632516035
"NODEAP_51","2","7",0.995319339617686
"NODEAP_51","2","8",0.999049944120532
"NODEAP_51","2","9",0.999065101486524
"NODEAP_51","2","10",0.999025304485932
"NODEAP_51","2","11",0.999116011407279
"NODEAP_51","2","12",0.999167287287009
"NODEAP_51","3","1",0.99295371621329
"NODEAP_51","3","2",0.997792367470721
"NODEAP_51","3","3",0.994749204478753
"NODEAP_51","3","4",0.99797703547654
"NODEAP_51","3","5",0.993592431528025
"NODEAP_51","3","6",0.997552721425918
"NODEAP_51","3","7",0.998051113421552
"NODEAP_51","3","8",0.998487528376217
"NODEAP_51","3","9",0.983011829996646
"NODEAP_51","3","10",0.997814647322693
"NODEAP_51","3","11",0.99748288032501
"NODEAP_51","3","12",0.986859820774326
"NODEAP_53","1","1",0.948504842842113
"NODEAP_53","1","2",0.982094599729461
"NODEAP_53","1","3",0.980965318767985
"NODEAP_53","1","4",0.911781195477805
"NODEAP_53","1","5",0.817056341166816
"NODEAP_53","1","6",0.981617046407874
"NODEAP_53","1","7",0.922420417996222
"NODEAP_53","1","8",0.954844996180158
"NODEAP_53","1","9",0.889954871574454
"NODEAP_53","1","10",0.918378102091874
"NODEAP_53","1","11",0.982586902654388
"NODEAP_53","1","12",0.975420490263522
"NODEAP_53","2","1",0.975577840760106
"NODEAP_53","2","2",0.982673337448848
"NODEAP_53","2","3",0.951555673405733
"NODEAP_53","2","4",0.991963333625291
"NODEAP_53","2","5",0.993169232415466
"NODEAP_53","2","6",0.914744717809349
"NODEAP_53","2","7",0.991998299971116
"NODEAP_53","2","8",0.987564764890182
"NODEAP_53","2","9",0.958713376729998
"NODEAP_53","2","10",0.959179881068149
"NODEAP_53","2","11",0.991584422471859
"NODEAP_53","2","12",0.991286679267713
"NODEAP_53","3","1",0.973217446947371
"NODEAP_53","3","2",0.964927360974437
"NODEAP_53","3","3",0.945649297184009
"NODEAP_53","3","4",0.967106462126271
"NODEAP_53","3","5",0.818881476452286
"NODEAP_53","3","6",0.981643686574957
"NODEAP_53","3","7",0.84352755010902
"NODEAP_53","3","8",0.981626622171952
"NODEAP_53","3","9",0.85963665920991
"NODEAP_53","3","10",0.961746119579082
"NODEAP_53","3","11",0.98323790025401
"NODEAP_53","3","12",0.875796718734466
"NODEAP_55","1","1",0.681679489423738
"NODEAP_55","1","2",0.551394102792321
"NODEAP_55","1","3",0.872911641664569
"NODEAP_55","1","4",0.637976028412735
"NODEAP_55","1","5",0.652410204385323
"NODEAP_55","1","6",0.601276718036692
"NODEAP_55","1","7",0.926984448773857
"NODEAP_55","1","8",0.604209741103214
"NODEAP_55","1","9",0.663826402407422
"NODEAP_55","1","10",0.737189298331147
"NODEAP_55","1","11",0.824794782886749
"NODEAP_55","1","12",0.975449184052402
"NODEAP_55","2","1",0.812709139463239
"NODEAP_55","2","2",0.716442556059097
"NODEAP_55","2","3",0.982735859983754
"NODEAP_55","2","4",0.810476694489682
"NODEAP_55","2","5",0.846278394455481
"NODEAP_55","2","6",0.617862311380101
"NODEAP_55","2","7",0.886537561353469
"NODEAP_55","2","8",0.982697192324056
"NODEAP_55","2","9",0.638429974614734
"NODEAP_55","2","10",0.922691441274909
"NODEAP_55","2","11",0.964237547971829
"NODEAP_55","2","12",0.604446467248699
"NODEAP_55","3","1",0.994586275657143
"NODEAP_55","3","2",0.978247549298984
"NODEAP_55","3","3",0.824689326866477
"NODEAP_55","3","4",0.771226621375661
"NODEAP_55","3","5",0.982902913434937
"NODEAP_55","3","6",0.99338080692965
"NODEAP_55","3","7",0.994921942060861
"NODEAP_55","3","8",0.995259565766646
"NODEAP_55","3","9",0.732717221626715
"NODEAP_55","3","10",0.932723722185807
"NODEAP_55","3","11",0.994727093437715
"NODEAP_55","3","12",0.993857019537232
"NODEAP_56","1","1",0.98463514764633
"NODEAP_56","1","2",0.98707107577123
"NODEAP_56","1","3",0.995296062703021
"NODEAP_56","1","4",0.975303510930272
"NODEAP_56","1","5",0.995350231195585
"NODEAP_56","1","6",0.995768872228647
"NODEAP_56","1","7",0.995679659367772
"NODEAP_56","1","8",0.993720210153158
"NODEAP_56","1","9",0.995543684097902
"NODEAP_56","1","10",0.995613149230774
"NODEAP_56","1","11",0.975109637436157
"NODEAP_56","1","12",0.995305152714361
"NODEAP_56","2","1",0.999441505701928
"NODEAP_56","2","2",0.999106365199532
"NODEAP_56","2","3",0.999561323209839
"NODEAP_56","2","4",0.995566561708041
"NODEAP_56","2","5",0.998503836149695
"NODEAP_56","2","6",0.998796828935487
"NODEAP_56","2","7",0.998958886185656
"NODEAP_56","2","8",0.999539070805482
"NODEAP_56","2","9",0.999217122165146
"NODEAP_56","2","10",0.999231918248652
"NODEAP_56","2","11",0.999320634161371
"NODEAP_56","2","12",0.999469292162841
"NODEAP_56","3","1",0.996401173199702
"NODEAP_56","3","2",0.994104731850594
"NODEAP_56","3","3",0.996491524493986
"NODEAP_56","3","4",0.996731537419418
"NODEAP_56","3","5",0.99682024161682
"NODEAP_56","3","6",0.985430917270259
"NODEAP_56","3","7",0.994328040638398
"NODEAP_56","3","8",0.970863293861797
"NODEAP_56","3","9",0.996611138775318
"NODEAP_56","3","10",0.988048029962459
"NODEAP_56","3","11",0.994805338565605
"NODEAP_56","3","12",0.996463625222499
"NODEAP_59","1","1",0.977277745985055
"NODEAP_59","1","2",0.939626873279776
"NODEAP_59","1","3",0.99653832912984
"NODEAP_59","1","4",0.997532507256598
"NODEAP_59","1","5",0.997031099474979
"NODEAP_59","1","6",0.996218806754698
"NODEAP_59","1","7",0.990144819855142
"NODEAP_59","1","8",0.996766955196736
"NODEAP_59","1","9",0.996891228892428
"NODEAP_59","1","10",0.99401398525069
"NODEAP_59","1","11",0.99717904029526
"NODEAP_59","1","12",0.996130931530537
"NODEAP_59","2","1",0.999450331570065
"NODEAP_59","2","2",0.999438871232248
"NODEAP_59","2","3",0.995239597543188
"NODEAP_59","2","4",0.999349643092587
"NODEAP_59","2","5",0.999574174733675
"NODEAP_59","2","6",0.999424819662734
"NODEAP_59","2","7",0.99939375975047
"NODEAP_59","2","8",0.999112225745339
"NODEAP_59","2","9",0.99915009696491
"NODEAP_59","2","10",0.999302628327394
"NODEAP_59","2","11",0.998100714779606
"NODEAP_59","2","12",0.999062564668035
"NODEAP_59","3","1",0.991381883427953
"NODEAP_59","3","2",0.979652047747989
"NODEAP_59","3","3",0.951092291244923
"NODEAP_59","3","4",0.994688303532942
"NODEAP_59","3","5",0.99500658531812
"NODEAP_59","3","6",0.956972831578855
"NODEAP_59","3","7",0.991675423469511
"NODEAP_59","3","8",0.994858425907493
"NODEAP_59","3","9",0.989910939696541
"NODEAP_59","3","10",0.994742855359657
"NODEAP_59","3","11",0.987335737337596
"NODEAP_59","3","12",0.987562288650841
"NODEAP_60","1","1",0.565533776500205
"NODEAP_60","1","2",0.73812668020193
"NODEAP_60","1","3",0.843472523196057
"NODEAP_60","1","4",0.978424445424157
"NODEAP_60","1","5",0.790485952862339
"NODEAP_60","1","6",0.975894742106611
"NODEAP_60","1","7",0.931321201601902
"NODEAP_60","1","8",0.974580736487614
"NODEAP_60","1","9",0.56328299102144
"NODEAP_60","1","10",0.580288158081818
"NODEAP_60","1","11",0.552053262594234
"NODEAP_60","1","12",0.562666739257198
"NODEAP_60","2","1",0.994985556296859
"NODEAP_60","2","2",0.934363715647567
"NODEAP_60","2","3",0.956637828972354
"NODEAP_60","2","4",0.995205999016863
"NODEAP_60","2","5",0.915015255459792
"NODEAP_60","2","6",0.877269590755266
"NODEAP_60","2","7",0.926204756315104
"NODEAP_60","2","8",0.970206159557195
"NODEAP_60","2","9",0.993443862543094
"NODEAP_60","2","10",0.970541664041963
"NODEAP_60","2","11",0.976704959647084
"NODEAP_60","2","12",0.994376521217687
"NODEAP_60","3","1",0.9869331260876
"NODEAP_60","3","2",0.967973683625529
"NODEAP_60","3","3",0.583695149523277
"NODEAP_60","3","4",0.846630210163941
"NODEAP_60","3","5",0.678585582719435
"NODEAP_60","3","6",0.704532650617729
"NODEAP_60","3","7",0.919334310802068
"NODEAP_60","3","8",0.968806253352393
"NODEAP_60","3","9",0.830176031244492
"NODEAP_60","3","10",0.984668646113586
"NODEAP_60","3","11",0.986070597201195
"NODEAP_60","3","12",0.572475872257968
"NODEAP_63","1","1",0.94419556317676
"NODEAP_63","1","2",0.988737449657234
"NODEAP_63","1","3",0.966727908327007
"NODEAP_63","1","4",0.967535206309876
"NODEAP_63","1","5",0.98635608873102
"NODEAP_63","1","6",0.995149185222913
"NODEAP_63","1","7",0.989984110527826
"NODEAP_63","1","8",0.990168283557031
"NODEAP_63","1","9",0.965187177270055
"NODEAP_63","1","10",0.995020610606962
"NODEAP_63","1","11",0.994745207551437
"NODEAP_63","1","12",0.995035307786825
"NODEAP_63","2","1",0.999049952482478
"NODEAP_63","2","2",0.999455358432917
"NODEAP_63","2","3",0.99915372058937
"NODEAP_63","2","4",0.999330636738884
"NODEAP_63","2","5",0.99438689625545
"NODEAP_63","2","6",0.999136761575073
"NODEAP_63","2","7",0.999096248691092
"NODEAP_63","2","8",0.998892525262462
"NODEAP_63","2","9",0.997335652091662
"NODEAP_63","2","10",0.999068487864369
"NODEAP_63","2","11",0.998894563446995
"NODEAP_63","2","12",0.997257346106521
"NODEAP_63","3","1",0.560026155147098
"NODEAP_63","3","2",0.721656740920494
"NODEAP_63","3","3",0.579011254102127
"NODEAP_63","3","4",0.954257304303404
"NODEAP_63","3","5",0.926255894043218
"NODEAP_63","3","6",0.952628855186122
"NODEAP_63","3","7",0.588259476855314
"NODEAP_63","3","8",0.561520612878208
"NODEAP_63","3","9",0.813807024074812
"NODEAP_63","3","10",0.891663738710122
"NODEAP_63","3","11",0.561489751562627
"NODEAP_63","3","12",0.89018050684459
"NODEAP_64","1","1",0.990635644501109
"NODEAP_64","1","2",0.972065676234695
"NODEAP_64","1","3",0.984093919602456
"NODEAP_64","1","4",0.988851983514857
"NODEAP_64","1","5",0.871836642119389
"NODEAP_64","1","6",0.966641063496575
"NODEAP_64","1","7",0.976004217215291
"NODEAP_64","1","8",0.976359965811163
"NODEAP_64","1","9",0.985067071550627
"NODEAP_64","1","10",0.981996722183389
"NODEAP_64","1","11",0.989253497005642
"NODEAP_64","1","12",0.989740047392865
"NODEAP_64","2","1",0.98440014917075
"NODEAP_64","2","2",0.975338892169233
"NODEAP_64","2","3",0.993221563461776
"NODEAP_64","2","4",0.993353830801558
"NODEAP_64","2","5",0.977424589544702
"NODEAP_64","2","6",0.99031239906898
"NODEAP_64","2","7",0.995774661111732
"NODEAP_64","2","8",0.99079741522238
"NODEAP_64","2","9",0.995820115589342
"NODEAP_64","2","10",0.995835191390974
"NODEAP_64","2","11",0.995187572660991
"NODEAP_64","2","12",0.995426021679272
"NODEAP_64","3","1",0.999294457597209
"NODEAP_64","3","2",0.999156671362745
"NODEAP_64","3","3",0.996552265970866
"NODEAP_64","3","4",0.999229073945309
"NODEAP_64","3","5",0.999345353475876
"NODEAP_64","3","6",0.997922692384744
"NODEAP_64","3","7",0.998051308898804
"NODEAP_64","3","8",0.998970165403077
"NODEAP_64","3","9",0.998196795656872
"NODEAP_64","3","10",0.999157782478712
"NODEAP_64","3","11",0.999199359757802
"NODEAP_64","3","12",0.999570955547655
"NODEAP_65","1","1",0.985151772477855
"NODEAP_65","1","2",0.980518635392607
"NODEAP_65","1","3",0.984983618191617
"NODEAP_65","1","4",0.5701464767596
"NODEAP_65","1","5",0.986015506175649
"NODEAP_65","1","6",0.986969381482976
"NODEAP_65","1","7",0.944788699075428
"NODEAP_65","1","8",0.985726580948143
"NODEAP_65","1","9",0.57005056753268
"NODEAP_65","1","10",0.573215451993693
"NODEAP_65","1","11",0.986635381007771
"NODEAP_65","1","12",0.571415815651614
"NODEAP_65","2","1",0.995848167301319
"NODEAP_65","2","2",0.922542656390644
"NODEAP_65","2","3",0.995823557930502
"NODEAP_65","2","4",0.963606093529708
"NODEAP_65","2","5",0.995258184194697
"NODEAP_65","2","6",0.987632749454157
"NODEAP_65","2","7",0.966414223130041
"NODEAP_65","2","8",0.995896433377008
"NODEAP_65","2","9",0.980257225804303
"NODEAP_65","2","10",0.995613870405799
"NODEAP_65","2","11",0.943829888798036
"NODEAP_65","2","12",0.96486172286015
"NODEAP_65","3","1",0.967090113485972
"NODEAP_65","3","2",0.947801462709348
"NODEAP_65","3","3",0.944825551495732
"NODEAP_65","3","4",0.91330403177348
"NODEAP_65","3","5",0.973753311141566
"NODEAP_65","3","6",0.978237988002714
"NODEAP_65","3","7",0.983804906496326
"NODEAP_65","3","8",0.960746608690062
"NODEAP_65","3","9",0.994910536180679
"NODEAP_65","3","10",0.994528547066095
"NODEAP_65","3","11",0.994593967707172
"NODEAP_65","3","12",0.964253972619876
"NODEAP_66","1","1",0.988232448317119
"NODEAP_66","1","2",0.974003535205156
"NODEAP_66","1","3",0.988601495023416
"NODEAP_66","1","4",0.992137919137421
"NODEAP_66","1","5",0.977090455731724
"NODEAP_66","1","6",0.988652161325357
"NODEAP_66","1","7",0.993393611702938
"NODEAP_66","1","8",0.992920255467774
"NODEAP_66","1","9",0.960513133568437
"NODEAP_66","1","10",0.967333197385862
"NODEAP_66","1","11",0.988742294297846
"NODEAP_66","1","12",0.977995065953937
"NODEAP_66","2","1",0.989342466935567
"NODEAP_66","2","2",0.988571786412506
"NODEAP_66","2","3",0.982569847084853
"NODEAP_66","2","4",0.965098961618488
"NODEAP_66","2","5",0.988206234367058
"NODEAP_66","2","6",0.983935637085387
"NODEAP_66","2","7",0.988511965729007
"NODEAP_66","2","8",0.926184062251916
"NODEAP_66","2","9",0.840094617528747
"NODEAP_66","2","10",0.982720227423453
"NODEAP_66","2","11",0.872417763032421
"NODEAP_66","2","12",0.988324537491676
"NODEAP_66","3","1",0.6500659019425
"NODEAP_66","3","2",0.705590572047214
"NODEAP_66","3","3",0.734732732735508
"NODEAP_66","3","4",0.601856415551005
"NODEAP_66","3","5",0.675284486093937
"NODEAP_66","3","6",0.667664702079503
"NODEAP_66","3","7",0.618230635303833
"NODEAP_66","3","8",0.643468653557521
"NODEAP_66","3","9",0.584353265632066
"NODEAP_66","3","10",0.620871601101539
"NODEAP_66","3","11",0.59205632024264
"NODEAP_66","3","12",0.755098040747581
"NODEAP_68","1","1",0.726385632003476
"NODEAP_68","1","2",0.991649433054549
"NODEAP_68","1","3",0.992937368618612
"NODEAP_68","1","4",0.98337577551282
"NODEAP_68","1","5",0.967787390842472
"NODEAP_68","1","6",0.991887607988065
"NODEAP_68","1","7",0.958866060346646
"NODEAP_68","1","8",0.981849372948278
"NODEAP_68","1","9",0.873368970439492
"NODEAP_68","1","10",0.981950928702252
"NODEAP_68","1","11",0.931562791127882
"NODEAP_68","1","12",0.990525729551833
"NODEAP_68","2","1",0.995736555986691
"NODEAP_68","2","2",0.996501210062175
"NODEAP_68","2","3",0.997289085079664
"NODEAP_68","2","4",0.995998795779825
"NODEAP_68","2","5",0.814798052423123
"NODEAP_68","2","6",0.995539919469539
"NODEAP_68","2","7",0.996804503895279
"NODEAP_68","2","8",0.991577702659572
"NODEAP_68","2","9",0.916858573995102
"NODEAP_68","2","10",0.99207827500264
"NODEAP_68","2","11",0.997432349281901
"NODEAP_68","2","12",0.996082469637733
"NODEAP_68","3","1",0.997784063869616
"NODEAP_68","3","2",0.997839244328596
"NODEAP_68","3","3",0.939255752800093
"NODEAP_68","3","4",0.997932301096005
"NODEAP_68","3","5",0.997250576221467
"NODEAP_68","3","6",0.997422666413767
"NODEAP_68","3","7",0.997679699436841
"NODEAP_68","3","8",0.991560721364727
"NODEAP_68","3","9",0.992214782102779
"NODEAP_68","3","10",0.980324287586665
"NODEAP_68","3","11",0.997252163245325
"NODEAP_68","3","12",0.992624990624783
"NODEAP_70","1","1",0.99135050467398
"NODEAP_70","1","2",0.883314569360942
"NODEAP_70","1","3",0.987618975788164
"NODEAP_70","1","4",0.992015576654086
"NODEAP_70","1","5",0.835400964360447
"NODEAP_70","1","6",0.891167645113251
"NODEAP_70","1","7",0.991269013430037
"NODEAP_70","1","8",0.990645778356046
"NODEAP_70","1","9",0.787980784143815
"NODEAP_70","1","10",0.91862362215203
"NODEAP_70","1","11",0.609690404005795
"NODEAP_70","1","12",0.99037227818475
"NODEAP_70","2","1",0.995268611018813
"NODEAP_70","2","2",0.99610259002308
"NODEAP_70","2","3",0.939616991756321
"NODEAP_70","2","4",0.967797593058651
"NODEAP_70","2","5",0.986592754635281
"NODEAP_70","2","6",0.99600609037538
"NODEAP_70","2","7",0.918919814361757
"NODEAP_70","2","8",0.984810728031732
"NODEAP_70","2","9",0.979953231283269
"NODEAP_70","2","10",0.99457244453689
"NODEAP_70","2","11",0.995361750542166
"NODEAP_70","2","12",0.877762382540484
"NODEAP_70","3","1",0.60122383231012
"NODEAP_70","3","2",0.986717152952057
"NODEAP_70","3","3",0.996143610695848
"NODEAP_70","3","4",0.994826873631136
"NODEAP_70","3","5",0.995017211882717
"NODEAP_70","3","6",0.987005942200453
"NODEAP_70","3","7",0.987445408470195
"NODEAP_70","3","8",0.922308208733282
"NODEAP_70","3","9",0.996204653742164
"NODEAP_70","3","10",0.99562804038788
"NODEAP_70","3","11",0.955790509392177
"NODEAP_70","3","12",0.995419338172283
"NODEAP_73","1","1",0.569596853731098
"NODEAP_73","1","2",0.595297115279885
"NODEAP_73","1","3",0.556006620067604
"NODEAP_73","1","4",0.590395616047326
"NODEAP_73","1","5",0.572948860796069
"NODEAP_73","1","6",0.605482080795736
"NODEAP_73","1","7",0.562172126072247
"NODEAP_73","1","8",0.572918263098161
"NODEAP_73","1","9",0.553323593010998
"NODEAP_73","1","10",0.611367657630675
"NODEAP_73","1","11",0.598183510372304
"NODEAP_73","1","12",0.593044873668814
"NODEAP_73","2","1",0.985449246107359
"NODEAP_73","2","2",0.979879031762479
"NODEAP_73","2","3",0.990127958340838
"NODEAP_73","2","4",0.93663166399527
"NODEAP_73","2","5",0.972705036844693
"NODEAP_73","2","6",0.967225436480271
"NODEAP_73","2","7",0.985405863037142
"NODEAP_73","2","8",0.991083278793831
"NODEAP_73","2","9",0.968465587202388
"NODEAP_73","2","10",0.98469155762167
"NODEAP_73","2","11",0.86332579294439
"NODEAP_73","2","12",0.991216017621182
"NODEAP_73","3","1",0.941121317011673
"NODEAP_73","3","2",0.981787937208203
"NODEAP_73","3","3",0.917925662312009
"NODEAP_73","3","4",0.848008992825305
"NODEAP_73","3","5",0.972274852013913
"NODEAP_73","3","6",0.98270659349104
"NODEAP_73","3","7",0.710906478755868
"NODEAP_73","3","8",0.982108541125786
"NODEAP_73","3","9",0.926007196025863
"NODEAP_73","3","10",0.982868322032208
"NODEAP_73","3","11",0.948209361487267
"NODEAP_73","3","12",0.967423160893381
"NODEAP_74","1","1",0.703341944876679
"NODEAP_74","1","2",0.950868909207356
"NODEAP_74","1","3",0.850268668656661
"NODEAP_74","1","4",0.887917190867617
"NODEAP_74","1","5",0.966944329277794
"NODEAP_74","1","6",0.887130209325292
"NODEAP_74","1","7",0.928255357998363
"NODEAP_74","1","8",0.955151370256327
"NODEAP_74","1","9",0.961077264409924
"NODEAP_74","1","10",0.856633033091835
"NODEAP_74","1","11",0.861718593245689
"NODEAP_74","1","12",0.946158827146205
"NODEAP_74","2","1",0.992371278136039
"NODEAP_74","2","2",0.98371634369479
"NODEAP_74","2","3",0.992540929330435
"NODEAP_74","2","4",0.992322764765633
"NODEAP_74","2","5",0.966118886124727
"NODEAP_74","2","6",0.975440080299886
"NODEAP_74","2","7",0.926939370122022
"NODEAP_74","2","8",0.98829857798653
"NODEAP_74","2","9",0.992389355969423
"NODEAP_74","2","10",0.988466031661188
"NODEAP_74","2","11",0.98927065886648
"NODEAP_74","2","12",0.977926154943005
"NODEAP_74","3","1",0.987417592082353
"NODEAP_74","3","2",0.985251208526569
"NODEAP_74","3","3",0.978721741696495
"NODEAP_74","3","4",0.962192431153907
"NODEAP_74","3","5",0.961911936147138
"NODEAP_74","3","6",0.979765510004011
"NODEAP_74","3","7",0.985903685259133
"NODEAP_74","3","8",0.907131324039844
"NODEAP_74","3","9",0.884340214935995
"NODEAP_74","3","10",0.98033971444271
"NODEAP_74","3","11",0.94343321946389
"NODEAP_74","3","12",0.941380085329926
"NODEAP_76","1","1",0.99431733677913
"NODEAP_76","1","2",0.994739460707215
"NODEAP_76","1","3",0.924781801338385
"NODEAP_76","1","4",0.972142525636159
"NODEAP_76","1","5",0.994482738950838
"NODEAP_76","1","6",0.994418202268911
"NODEAP_76","1","7",0.9900694351324
"NODEAP_76","1","8",0.993661981002916
"NODEAP_76","1","9",0.953095851207962
"NODEAP_76","1","10",0.988726700220455
"NODEAP_76","1","11",0.978676364156028
"NODEAP_76","1","12",0.995354995415627
"NODEAP_76","2","1",0.946879561045118
"NODEAP_76","2","2",0.985890062902986
"NODEAP_76","2","3",0.86365646908752
"NODEAP_76","2","4",0.977966642569754
"NODEAP_76","2","5",0.976885906552648
"NODEAP_76","2","6",0.923213289580997
"NODEAP_76","2","7",0.960523650744161
"NODEAP_76","2","8",0.96746538185889
"NODEAP_76","2","9",0.809281972685606
"NODEAP_76","2","10",0.968183916715307
"NODEAP_76","2","11",0.986428260523375
"NODEAP_76","2","12",0.874552529441766
"NODEAP_76","3","1",0.970023434459253
"NODEAP_76","3","2",0.97872076622013
"NODEAP_76","3","3",0.98076686367539
"NODEAP_76","3","4",0.837686529919807
"NODEAP_76","3","5",0.9714746453299
"NODEAP_76","3","6",0.867259834614937
"NODEAP_76","3","7",0.782080460238951
"NODEAP_76","3","8",0.946587927468634
"NODEAP_76","3","9",0.982914537205224
"NODEAP_76","3","10",0.790254300381022
"NODEAP_76","3","11",0.952690584852721
"NODEAP_76","3","12",0.90772878485438
"NODEAP_77","1","1",0.999517761330728
"NODEAP_77","1","2",0.999054321508758
"NODEAP_77","1","3",0.999542518285565
"NODEAP_77","1","4",0.999489515783482
"NODEAP_77","1","5",0.998923623215315
"NODEAP_77","1","6",0.999023741320352
"NODEAP_77","1","7",0.999508973805116
"NODEAP_77","1","8",0.999547696421455
"NODEAP_77","1","9",0.999464684871263
"NODEAP_77","1","10",0.999609027742774
"NODEAP_77","1","11",0.999659485330109
"NODEAP_77","1","12",0.999299121510801
"NODEAP_77","2","1",0.996519021576452
"NODEAP_77","2","2",0.996601390260689
"NODEAP_77","2","3",0.979616863293323
"NODEAP_77","2","4",0.996562759837011
"NODEAP_77","2","5",0.99423958547236
"NODEAP_77","2","6",0.99637022287625
"NODEAP_77","2","7",0.99618239946082
"NODEAP_77","2","8",0.996956872300543
"NODEAP_77","2","9",0.965230244929093
"NODEAP_77","2","10",0.994739694320693
"NODEAP_77","2","11",0.994250555653721
"NODEAP_77","2","12",0.995101653367778
"NODEAP_77","3","1",0.999123215953982
"NODEAP_77","3","2",0.998588776770912
"NODEAP_77","3","3",0.999180810607209
"NODEAP_77","3","4",0.999023933406674
"NODEAP_77","3","5",0.998512288423105
"NODEAP_77","3","6",0.998452782681948
"NODEAP_77","3","7",0.999124939620147
"NODEAP_77","3","8",0.999235769474676
"NODEAP_77","3","9",0.998522968883595
"NODEAP_77","3","10",0.999238056927052
"NODEAP_77","3","11",0.997549434070193
"NODEAP_77","3","12",0.999137329677838
"NODEAP_78","1","1",0.738385110238362
"NODEAP_78","1","2",0.964704897789789
"NODEAP_78","1","3",0.975888431176044
"NODEAP_78","1","4",0.985590247006779
"NODEAP_78","1","5",0.90687285654063
"NODEAP_78","1","6",0.985661415055691
"NODEAP_78","1","7",0.722805629118805
"NODEAP_78","1","8",0.974343529152517
"NODEAP_78","1","9",0.988244233134731
"NODEAP_78","1","10",0.956928833850913
"NODEAP_78","1","11",0.985892555532014
"NODEAP_78","1","12",0.811319116729504
"NODEAP_78","2","1",0.93344646953437
"NODEAP_78","2","2",0.9910428217181
"NODEAP_78","2","3",0.991454617895144
"NODEAP_78","2","4",0.989961392590756
"NODEAP_78","2","5",0.991829453281822
"NODEAP_78","2","6",0.955591988618771
"NODEAP_78","2","7",0.809903020121766
"NODEAP_78","2","8",0.984590479427103
"NODEAP_78","2","9",0.992535042881532
"NODEAP_78","2","10",0.93710353840471
"NODEAP_78","2","11",0.954007096278621
"NODEAP_78","2","12",0.964272187323969
"NODEAP_78","3","1",0.992655561593998
"NODEAP_78","3","2",0.984303880152759
"NODEAP_78","3","3",0.992601380106998
"NODEAP_78","3","4",0.966259314218649
"NODEAP_78","3","5",0.96593289452468
"NODEAP_78","3","6",0.977350529877126
"NODEAP_78","3","7",0.954684605455864
"NODEAP_78","3","8",0.991955546556346
"NODEAP_78","3","9",0.989936445049289
"NODEAP_78","3","10",0.864541198822639
"NODEAP_78","3","11",0.983069146732759
"NODEAP_78","3","12",0.789920926811313
"NODEAP_79","1","1",0.994442612505287
"NODEAP_79","1","2",0.991313887647375
"NODEAP_79","1","3",0.994964657513095
"NODEAP_79","1","4",0.947779507144495
"NODEAP_79","1","5",0.971916452580532
"NODEAP_79","1","6",0.994939958761512
"NODEAP_79","1","7",0.992195674120933
"NODEAP_79","1","8",0.994893988833049
"NODEAP_79","1","9",0.98922601692177
"NODEAP_79","1","10",0.994537358435916
"NODEAP_79","1","11",0.986026153231711
"NODEAP_79","1","12",0.994237435621357
"NODEAP_79","2","1",0.994916803289577
"NODEAP_79","2","2",0.997743308657722
"NODEAP_79","2","3",0.994355419701151
"NODEAP_79","2","4",0.997445916645485
"NODEAP_79","2","5",0.99266849639427
"NODEAP_79","2","6",0.99519114316629
"NODEAP_79","2","7",0.997906059258205
"NODEAP_79","2","8",0.994736350498873
"NODEAP_79","2","9",0.997340428064653
"NODEAP_79","2","10",0.975457658240278
"NODEAP_79","2","11",0.997090821259511
"NODEAP_79","2","12",0.995806711948528
"NODEAP_79","3","1",0.994340901091116
"NODEAP_79","3","2",0.99597328004967
"NODEAP_79","3","3",0.928563667081735
"NODEAP_79","3","4",0.982848974814766
"NODEAP_79","3","5",0.996589763113889
"NODEAP_79","3","6",0.993485807319563
"NODEAP_79","3","7",0.996103030420484
"NODEAP_79","3","8",0.99097773206374
"NODEAP_79","3","9",0.996263832943831
"NODEAP_79","3","10",0.996055272503397
"NODEAP_79","3","11",0.996329863371615
"NODEAP_79","3","12",0.996427273640124
"NODEAP_80","1","1",0.984093712610301
"NODEAP_80","1","2",0.985340004802583
"NODEAP_80","1","3",0.980065554733514
"NODEAP_80","1","4",0.975508278578832
"NODEAP_80","1","5",0.97426347458309
"NODEAP_80","1","6",0.950997066834927
"NODEAP_80","1","7",0.965430329408994
"NODEAP_80","1","8",0.930832497266875
"NODEAP_80","1","9",0.940266678302908
"NODEAP_80","1","10",0.972458613313759
"NODEAP_80","1","11",0.986283301406044
"NODEAP_80","1","12",0.827440907148299
"NODEAP_80","2","1",0.98089468778933
"NODEAP_80","2","2",0.98863915436276
"NODEAP_80","2","3",0.900236026738503
"NODEAP_80","2","4",0.985296059824106
"NODEAP_80","2","5",0.93896720642277
"NODEAP_80","2","6",0.984560018888382
"NODEAP_80","2","7",0.930670769396009
"NODEAP_80","2","8",0.990271038000054
"NODEAP_80","2","9",0.974953720174392
"NODEAP_80","2","10",0.989580709430626
"NODEAP_80","2","11",0.990379866841671
"NODEAP_80","2","12",0.975769068148784
"NODEAP_80","3","1",0.99679526970175
"NODEAP_80","3","2",0.986874073623087
"NODEAP_80","3","3",0.987794656184542
"NODEAP_80","3","4",0.994393842160556
"NODEAP_80","3","5",0.996739436939611
"NODEAP_80","3","6",0.994798017169452
"NODEAP_80","3","7",0.988892115890905
"NODEAP_80","3","8",0.996381581596537
"NODEAP_80","3","9",0.996802520000299
"NODEAP_80","3","10",0.99709953510812
"NODEAP_80","3","11",0.986927756033027
"NODEAP_80","3","12",0.9952006475669
"NODEAP_83","1","1",0.99748272756608
"NODEAP_83","1","2",0.988072399947974
"NODEAP_83","1","3",0.995830402876835
"NODEAP_83","1","4",0.997336921093586
"NODEAP_83","1","5",0.995125207357239
"NODEAP_83","1","6",0.995165300632204
"NODEAP_83","1","7",0.98221986505012
"NODEAP_83","1","8",0.995507307919027
"NODEAP_83","1","9",0.997197876857513
"NODEAP_83","1","10",0.997239129096361
"NODEAP_83","1","11",0.996699169948732
"NODEAP_83","1","12",0.997652929580301
"NODEAP_83","2","1",0.973006112194521
"NODEAP_83","2","2",0.946344157058867
"NODEAP_83","2","3",0.851781606875464
"NODEAP_83","2","4",0.964813766478589
"NODEAP_83","2","5",0.963806464779644
"NODEAP_83","2","6",0.947732645037325
"NODEAP_83","2","7",0.924899552445212
"NODEAP_83","2","8",0.972032396251803
"NODEAP_83","2","9",0.891754060301033
"NODEAP_83","2","10",0.720568521215156
"NODEAP_83","2","11",0.908431899872316
"NODEAP_83","2","12",0.961628911078568
"NODEAP_83","3","1",0.994998687377508
"NODEAP_83","3","2",0.981262630378697
"NODEAP_83","3","3",0.972848082656598
"NODEAP_83","3","4",0.985623288131304
"NODEAP_83","3","5",0.995443596153042
"NODEAP_83","3","6",0.990500692389863
"NODEAP_83","3","7",0.995906889054781
"NODEAP_83","3","8",0.992333550598038
"NODEAP_83","3","9",0.995135855658333
"NODEAP_83","3","10",0.977862565908766
"NODEAP_83","3","11",0.992194376219474
"NODEAP_83","3","12",0.995051343629422
"NODEAP_84","1","1",0.67008393772918
"NODEAP_84","1","2",0.616626974636554
"NODEAP_84","1","3",0.75498702346807
"NODEAP_84","1","4",0.737004808727276
"NODEAP_84","1","5",0.654193828617411
"NODEAP_84","1","6",0.564675438638495
"NODEAP_84","1","7",0.556685797733717
"NODEAP_84","1","8",0.570775338388586
"NODEAP_84","1","9",0.676816861881717
"NODEAP_84","1","10",0.592358434759084
"NODEAP_84","1","11",0.578635898730229
"NODEAP_84","1","12",0.597121530887678
"NODEAP_84","2","1",0.993565676941334
"NODEAP_84","2","2",0.99229125134673
"NODEAP_84","2","3",0.995762440307804
"NODEAP_84","2","4",0.995951956738579
"NODEAP_84","2","5",0.934693110576242
"NODEAP_84","2","6",0.974301104863238
"NODEAP_84","2","7",0.993892295551684
"NODEAP_84","2","8",0.993093423885081
"NODEAP_84","2","9",0.993296841298605
"NODEAP_84","2","10",0.996394376289774
"NODEAP_84","2","11",0.995894740046586
"NODEAP_84","2","12",0.995967329053121
"NODEAP_84","3","1",0.999436392923351
"NODEAP_84","3","2",0.999206713519748
"NODEAP_84","3","3",0.999337954894073
"NODEAP_84","3","4",0.999464481030577
"NODEAP_84","3","5",0.999393760043291
"NODEAP_84","3","6",0.999271532203296
"NODEAP_84","3","7",0.999381294108298
"NODEAP_84","3","8",0.999176618654776
"NODEAP_84","3","9",0.998935220733241
"NODEAP_84","3","10",0.998261493362885
"NODEAP_84","3","11",0.994126948989233
"NODEAP_84","3","12",0.997908978420084
"NODEAP_85","1","1",0.569826044253144
"NODEAP_85","1","2",0.6204013397663
"NODEAP_85","1","3",0.583645579485795
"NODEAP_85","1","4",0.574525138896972
"NODEAP_85","1","5",0.57151582042982
"NODEAP_85","1","6",0.624102036860221
"NODEAP_85","1","7",0.680833269625218
"NODEAP_85","1","8",0.572829953457467
"NODEAP_85","1","9",0.630174325820712
"NODEAP_85","1","10",0.564630294028893
"NODEAP_85","1","11",0.560334525716061
"NODEAP_85","1","12",0.54850667004777
"NODEAP_85","2","1",0.568529922640997
"NODEAP_85","2","2",0.595620977127211
"NODEAP_85","2","3",0.65751219889156
"NODEAP_85","2","4",0.648227809642352
"NODEAP_85","2","5",0.661752050623044
"NODEAP_85","2","6",0.690228365846401
"NODEAP_85","2","7",0.644498476976034
"NODEAP_85","2","8",0.590345954742139
"NODEAP_85","2","9",0.615007484643318
"NODEAP_85","2","10",0.59957172594466
"NODEAP_85","2","11",0.561560614404326
"NODEAP_85","2","12",0.626972925848485
"NODEAP_85","3","1",0.621347187402192
"NODEAP_85","3","2",0.60861174955769
"NODEAP_85","3","3",0.627391905329525
"NODEAP_85","3","4",0.581204384255675
"NODEAP_85","3","5",0.697957582183742
"NODEAP_85","3","6",0.609437109385534
"NODEAP_85","3","7",0.587905867502797
"NODEAP_85","3","8",0.728363833280072
"NODEAP_85","3","9",0.617552403778709
"NODEAP_85","3","10",0.609132173918524
"NODEAP_85","3","11",0.570411752354945
"NODEAP_85","3","12",0.599166680595608
"NODEAP_86","1","1",0.665507339110238
"NODEAP_86","1","2",0.9659201973608
"NODEAP_86","1","3",0.8934681803354
"NODEAP_86","1","4",0.982257030976213
"NODEAP_86","1","5",0.646206661805
"NODEAP_86","1","6",0.906818361237623
"NODEAP_86","1","7",0.96997568631096
"NODEAP_86","1","8",0.620329726215181
"NODEAP_86","1","9",0.96771711117298
"NODEAP_86","1","10",0.966844552102555
"NODEAP_86","1","11",0.9104619104582
"NODEAP_86","1","12",0.980716328874322
"NODEAP_86","2","1",0.901143788417602
"NODEAP_86","2","2",0.859840892013606
"NODEAP_86","2","3",0.981328206444946
"NODEAP_86","2","4",0.976253147491496
"NODEAP_86","2","5",0.977604686971521
"NODEAP_86","2","6",0.965410127535842
"NODEAP_86","2","7",0.634980597127741
"NODEAP_86","2","8",0.890646665913828
"NODEAP_86","2","9",0.60955415124742
"NODEAP_86","2","10",0.764909083314567
"NODEAP_86","2","11",0.786510659468004
"NODEAP_86","2","12",0.862208127391312
"NODEAP_86","3","1",0.869068712555249
"NODEAP_86","3","2",0.668424617923565
"NODEAP_86","3","3",0.969656472708394
"NODEAP_86","3","4",0.853888096630106
"NODEAP_86","3","5",0.883155535871665
"NODEAP_86","3","6",0.88689197376178
"NODEAP_86","3","7",0.849519278093086
"NODEAP_86","3","8",0.957345070910537
"NODEAP_86","3","9",0.937386349386203
"NODEAP_86","3","10",0.923440503230605
"NODEAP_86","3","11",0.703349409530554
"NODEAP_86","3","12",0.932193301242028
"NODEAP_87","1","1",0.830490234875764
"NODEAP_87","1","2",0.881486928577411
"NODEAP_87","1","3",0.855939797466134
"NODEAP_87","1","4",0.797673169621643
"NODEAP_87","1","5",0.901888907061604
"NODEAP_87","1","6",0.918751396140391
"NODEAP_87","1","7",0.952002235980986
"NODEAP_87","1","8",0.799016801153948
"NODEAP_87","1","9",0.690821337806103
"NODEAP_87","1","10",0.797320516392287
"NODEAP_87","1","11",0.898727634350885
"NODEAP_87","1","12",0.767472264186516
"NODEAP_87","2","1",0.912335290506232
"NODEAP_87","2","2",0.802497140262381
"NODEAP_87","2","3",0.966439450508528
"NODEAP_87","2","4",0.944384864413138
"NODEAP_87","2","5",0.938829130295283
"NODEAP_87","2","6",0.895143585062109
"NODEAP_87","2","7",0.950046432301972
"NODEAP_87","2","8",0.933401088518626
"NODEAP_87","2","9",0.968320800248324
"NODEAP_87","2","10",0.822331280477324
"NODEAP_87","2","11",0.885752660682805
"NODEAP_87","2","12",0.979460889009219
"NODEAP_87","3","1",0.700583813735096
"NODEAP_87","3","2",0.831269900932383
"NODEAP_87","3","3",0.813957325500693
"NODEAP_87","3","4",0.903643707921126
"NODEAP_87","3","5",0.621402293635868
"NODEAP_87","3","6",0.678747179629046
"NODEAP_87","3","7",0.885327977117981
"NODEAP_87","3","8",0.711686238071819
"NODEAP_87","3","9",0.918712493490353
"NODEAP_87","3","10",0.903630493222047
"NODEAP_87","3","11",0.765670019740353
"NODEAP_87","3","12",0.590499503990382
"NODEAP_88","1","1",0.962625557457228
"NODEAP_88","1","2",0.955997148555764
"NODEAP_88","1","3",0.93948448966163
"NODEAP_88","1","4",0.953240800073988
"NODEAP_88","1","5",0.972624172289014
"NODEAP_88","1","6",0.976372969544325
"NODEAP_88","1","7",0.97262796402583
"NODEAP_88","1","8",0.947686153333632
"NODEAP_88","1","9",0.956930528522092
"NODEAP_88","1","10",0.92923187310309
"NODEAP_88","1","11",0.966532008617462
"NODEAP_88","1","12",0.960831542168974
"NODEAP_88","2","1",0.989664297455502
"NODEAP_88","2","2",0.987638910719075
"NODEAP_88","2","3",0.992054825915224
"NODEAP_88","2","4",0.986213023945315
"NODEAP_88","2","5",0.980089653560393
"NODEAP_88","2","6",0.992663723584666
"NODEAP_88","2","7",0.991011290348951
"NODEAP_88","2","8",0.98793566979941
"NODEAP_88","2","9",0.975923355993414
"NODEAP_88","2","10",0.981426249072175
"NODEAP_88","2","11",0.991417958676911
"NODEAP_88","2","12",0.975506000221442
"NODEAP_88","3","1",0.922973629410667
"NODEAP_88","3","2",0.952859295391536
"NODEAP_88","3","3",0.932076508763326
"NODEAP_88","3","4",0.965847061685896
"NODEAP_88","3","5",0.932358795056098
"NODEAP_88","3","6",0.959134816788204
"NODEAP_88","3","7",0.963149597797173
"NODEAP_88","3","8",0.929871892096301
"NODEAP_88","3","9",0.964202715105948
"NODEAP_88","3","10",0.937423326505664
"NODEAP_88","3","11",0.866627507397474
"NODEAP_88","3","12",0.945195510959159
